{
  "variables": {
    "aws_access_key": "",
    "aws_secret_key": ""
  },
  "builders": [
    {
      "type": "amazon-ebs",
      "access_key": "{{user `aws_access_key`}}",
      "secret_key": "{{user `aws_secret_key`}}",
      "region": "us-west-1",
      "source_ami": "ami-d8bdebb8",
      "instance_type": "t2.micro",
      "ssh_username": "ubuntu",
      "ami_name": "es-dist-{{isotime \"2006-01-02-03-04-05\"}}",
      "ami_block_device_mappings": [
        {
          "device_name": "/dev/sda1",
          "volume_size": 40,
          "delete_on_termination": true
        }
      ],
      "launch_block_device_mappings": [
        {
          "device_name": "/dev/sda1",
          "volume_size": 40,
          "delete_on_termination": true
        }
      ],
      "ami_regions": [
        "us-west-1",
        "us-west-2",
        "us-east-1",
        "us-east-2",
        "eu-west-1",
        "eu-central-1",
        "ap-northeast-1",
        "ap-northeast-2",
        "ap-southeast-1",
        "ap-southeast-2",
        "ap-south-1",
        "sa-east-1"
      ]
    }
  ],
  "provisioners": [
    {
      "type": "shell",
      "scripts": [
        "dependency.sh"
      ]
    }
  ]
}
